Designator,Mid X,Mid Y,Rotation,Layer
_2,111.3,-98.06495,0.0,top
,111.3,-101.85495,0.0,top
1,92.674198,-91.181438,0.0,top
2,95.956434,-89.286438,120.0,top
3,96.025802,-110.753612,0.0,top
4,92.743566,-108.858612,-120.0,top
D4,105.07,-92.3,0.0,top
D5,105.08,-94.42,0.0,top
Q1,88.68,-97.46,0.0,top
Q2,88.68,-100.94,0.0,top
R1,91.39,-97.46,90.0,top
R2,91.4,-100.93,-90.0,top
R5,92.92,-97.45,-90.0,top
R6,101.72,-92.96,0.0,top
R7,94.635,-105.73,180.0,top
U1,104.58,-109.17,45.0,top
